<?xml version="1.0" encoding="UTF-8"?>
<!DOCTYPE properties SYSTEM "http://java.sun.com/dtd/properties.dtd">
<properties>

	<comment>main-query.xml file</comment>
	
	<!-- 로그인 -->
	<entry key="login">
		SELECT MEMBER_NO, MEMBER_ID, MEMBER_NM, MEMBER_GENDER,
		TO_CHAR(ENROLL_DATE, 'YYYY"년" MM"월" DD"일" HH24:MI:SS') ENROLL_DATE
		FROM MEMBER
		WHERE MEMBER_ID = ?
		AND MEMBER_PW = ?
		AND SECESSION_FL = 'N'
	</entry>
	
	<!-- 아이디 중복 검사  -->	
	<entry key="idDupCheck">
		SELECT COUNT(*) FROM MEMBER
		WHERE MEMBER_ID = ?
		AND SECESSION_FL = 'N'
	</entry>
	
	<!-- 회원 가입 -->
	<entry key="signUp">
		INSERT INTO MEMBER
		VALUES(SEQ_MEMBER_NO.NEXTVAL, ?, ?, ?, ?, DEFAULT, DEFAULT)
	</entry>













</properties>
